Read times - Voltage  graph;Voltage(V) - Voltage  graph;Read times - Current graph;Current(A) - Current graph;;;;
0;5,114;0;0,3057;;;;
1;5,114;1;0,3257;;;;
2;5,113;2;0,3257;;;;
3;5,113;3;0,3241;;;;
4;5,112;4;0,3241;;;;
5;5,112;5;0,3277;;;;
6;5,112;6;0,3277;;;;
7;5,112;7;0,3265;;;;
8;5,111;8;0,3265;;;;
9;5,111;9;0,3265;;;;
10;5,112;10;0,3265;;;;
11;5,112;11;0,3267;;;;
12;5,113;12;0,3267;;;;
13;5,113;13;0,3269;;;;
14;5,113;14;0,3269;;;;
15;5,113;15;0,3069;;;;
16;5,115;16;0,3069;;;;
17;5,115;17;0,3055;;;;
18;5,117;18;0,3055;;;;
19;5,117;19;0,3243;;;;
20;5,113;20;0,3243;;;;
21;5,113;21;0,3243;;;;
22;5,113;22;0,3243;;;;
23;5,113;23;0,3261;;;;
24;5,113;24;0,3261;;;;
25;5,113;25;0,3285;;;;
26;5,113;26;0,3285;;;;
27;5,113;27;0,3253;;;;
28;5,112;28;0,3253;;;;
29;5,112;29;0,3281;;;;
30;5,113;30;0,3281;;;;
31;5,113;31;0,3247;;;;
32;5,115;32;0,3247;;;;
33;5,115;33;0,3079;;;;
34;5,116;34;0,3079;;;;
35;5,116;35;0,3047;;;;
36;5,113;36;0,3047;;;;
37;5,113;37;0,3277;;;;
38;5,113;38;0,3277;;;;
39;5,113;39;0,3253;;;;
40;5,113;40;0,3253;;;;
41;5,113;41;0,329;;;;
42;5,112;42;0,329;;;;
43;5,112;43;0,3247;;;;
44;5,112;44;0,3247;;;;
45;5,112;45;0,3294;;;;
46;5,113;46;0,3294;;;;
47;5,113;47;0,3255;;;;
48;5,113;48;0,3255;;;;
49;5,113;49;0,3234;;;;
50;5,117;50;0,3234;;;;
51;5,117;51;0,3057;;;;
52;5,117;52;0,3057;;;;
53;5,117;53;0,3255;;;;
54;5,112;54;0,3255;;;;
55;5,112;55;0,3218;;;;
56;5,113;56;0,3218;;;;
57;5,113;57;0,3279;;;;
58;5,113;58;0,3279;;;;
59;5,113;59;0,3255;;;;
60;5,113;60;0,3255;;;;
61;5,113;61;0,3273;;;;
62;5,112;62;0,3273;;;;
63;5,112;63;0,3253;;;;
64;5,113;64;0,3253;;;;
65;5,113;65;0,3271;;;;
66;5,112;66;0,3271;;;;
67;5,112;67;0,3069;;;;
68;5,117;68;0,3069;;;;
69;5,117;69;0,3065;;;;
70;5,113;70;0,3065;;;;
71;5,113;71;0,3245;;;;
72;5,114;72;0,3245;;;;
73;5,114;73;0,3235;;;;
74;5,112;74;0,3235;;;;
75;5,112;75;0,3267;;;;
76;5,113;76;0,3267;;;;
77;5,113;77;0,3257;;;;
78;5,112;78;0,3257;;;;
79;5,112;79;0,3269;;;;
80;5,113;80;0,3269;;;;
81;5,113;81;0,3257;;;;
82;5,112;82;0,3257;;;;
83;5,112;83;0,3281;;;;
84;5,117;84;0,3281;;;;
85;5,117;85;0,3055;;;;
86;5,116;86;0,3055;;;;
87;5,116;87;0,3122;;;;
88;5,112;88;0,3122;;;;
89;5,112;89;0,3228;;;;
90;5,113;90;0,3228;;;;
91;5,113;91;0,3277;;;;
92;5,112;92;0,3277;;;;
93;5,112;93;0,3247;;;;
94;5,113;94;0,3247;;;;
95;5,113;95;0,3298;;;;
96;5,113;96;0,3298;;;;
97;5,113;97;0,3253;;;;
98;5,113;98;0,3253;;;;
99;5,113;99;0,3294;;;;
100;5,113;100;0,3294;;;;
101;5,113;101;0,3106;;;;
102;5,116;102;0,3106;;;;
103;5,116;103;0,3088;;;;
104;5,115;104;0,3088;;;;
105;5,115;105;0,3222;;;;
106;5,112;106;0,3222;;;;
107;5,112;107;0,3265;;;;
108;5,113;108;0,3265;;;;
109;5,113;109;0,3251;;;;
110;5,113;110;0,3251;;;;
111;5,113;111;0,3294;;;;
112;5,113;112;0,3294;;;;
113;5,113;113;0,3245;;;;
114;5,112;114;0,3245;;;;
115;5,112;115;0,3285;;;;
116;5,112;116;0,3285;;;;
117;5,112;117;0,3253;;;;
118;5,114;118;0,3253;;;;
119;5,114;119;0,3075;;;;
120;5,117;120;0,3075;;;;
121;5,117;121;0,3047;;;;
122;5,113;122;0,3047;;;;
123;5,113;123;0,3251;;;;
124;5,112;124;0,3251;;;;
125;5,112;125;0,3237;;;;
126;5,113;126;0,3237;;;;
127;5,113;127;0,3267;;;;
128;5,112;128;0,3267;;;;
129;5,112;129;0,3265;;;;
130;5,112;130;0,3265;;;;
131;5,112;131;0,3267;;;;
132;5,112;132;0,3267;;;;
133;5,112;133;0,3268;;;;
134;5,113;134;0,3268;;;;
135;5,113;135;0,3266;;;;
136;5,116;136;0,3266;;;;
137;5,116;137;0,3061;;;;
138;5,116;138;0,3061;;;;
139;5,116;139;0,3192;;;;
140;5,113;140;0,3192;;;;
141;5,113;141;0,3253;;;;
142;5,114;142;0,3253;;;;
143;5,114;143;0,3265;;;;
144;5,112;144;0,3265;;;;
145;5,112;145;0,3279;;;;
146;5,113;146;0,3279;;;;
147;5,113;147;0,3259;;;;
148;5,113;148;0,3259;;;;
149;5,113;149;0,3281;;;;
150;5,112;150;0,3281;;;;
151;5,112;151;0,3259;;;;
152;5,112;152;0,3259;;;;
153;5,112;153;0,3269;;;;
154;5,116;154;0,3269;;;;
155;5,116;155;0,3055;;;;
156;5,116;156;0,3055;;;;
157;5,116;157;0,3241;;;;
158;5,113;158;0,3241;;;;
159;5,113;159;0,3236;;;;
160;5,112;160;0,3236;;;;
161;5,112;161;0,3271;;;;
162;5,113;162;0,3271;;;;
163;5,113;163;0,3249;;;;
164;5,112;164;0,3249;;;;
165;5,112;165;0,3271;;;;
166;5,112;166;0,3271;;;;
167;5,112;167;0,3259;;;;
168;5,112;168;0,3259;;;;
169;5,112;169;0,3279;;;;
170;5,113;170;0,3279;;;;
171;5,113;171;0,3112;;;;
172;5,116;172;0,3112;;;;
173;5,116;173;0,3081;;;;
174;5,117;174;0,3081;;;;
175;5,117;175;0,323;;;;
176;5,113;176;0,323;;;;
177;5,113;177;0,3255;;;;
178;5,114;178;0,3255;;;;
179;5,114;179;0,3253;;;;
180;5,113;180;0,3253;;;;
181;5,113;181;0,3283;;;;
182;5,112;182;0,3283;;;;
183;5,112;183;0,3249;;;;
184;5,112;184;0,3249;;;;
185;5,112;185;0,3269;;;;
186;5,112;186;0,3269;;;;
187;5,112;187;0,3249;;;;
188;5,112;188;0,3249;;;;
189;5,112;189;0,3086;;;;
190;5,116;190;0,3086;;;;
191;5,116;191;0,3045;;;;
192;5,115;192;0,3045;;;;
193;5,115;193;0,3251;;;;
194;5,113;194;0,3251;;;;
195;5,113;195;0,3224;;;;
196;5,112;196;0,3224;;;;
197;5,112;197;0,3277;;;;
198;5,112;198;0,3277;;;;
199;5,112;199;0,3243;;;;
200;5,112;200;0,3243;;;;
201;5,112;201;0,3286;;;;
202;5,113;202;0,3286;;;;
203;5,113;203;0,3253;;;;
204;5,113;204;0,3253;;;;
205;5,113;205;0,3296;;;;
206;5,113;206;0,3296;;;;
207;5,113;207;0,3049;;;;
208;5,116;208;0,3049;;;;
209;5,116;209;0,3092;;;;
210;5,116;210;0,3092;;;;
211;5,116;211;0,3228;;;;
212;5,113;212;0,3228;;;;
213;5,113;213;0,3259;;;;
214;5,112;214;0,3259;;;;
215;5,112;215;0,3243;;;;
216;5,112;216;0,3243;;;;
217;5,112;217;0,3285;;;;
218;5,112;218;0,3285;;;;
219;5,112;219;0,3241;;;;
220;5,112;220;0,3241;;;;
221;5,112;221;0,3288;;;;
222;5,112;222;0,3288;;;;
223;5,112;223;0,3241;;;;
224;5,112;224;0,3241;;;;
225;5,112;225;0,3098;;;;
226;5,117;226;0,3098;;;;
227;5,117;227;0,3047;;;;
228;5,115;228;0,3047;;;;
229;5,115;229;0,3273;;;;
230;5,113;230;0,3273;;;;
231;5,113;231;0,3222;;;;
232;5,113;232;0,3222;;;;
233;5,113;233;0,329;;;;
234;5,113;234;0,329;;;;
235;5,113;235;0,3251;;;;
236;5,113;236;0,3251;;;;
237;5,113;237;0,3288;;;;
238;5,113;238;0,3288;;;;
239;5,113;239;0,3251;;;;
240;5,112;240;0,3251;;;;
241;5,112;241;0,3288;;;;
242;5,112;242;0,3288;;;;
243;5,112;243;0,3041;;;;
244;5,116;244;0,3041;;;;
245;5,116;245;0,3084;;;;
246;5,112;246;0,3084;;;;
247;5,112;247;0,3218;;;;
248;5,113;248;0,3218;;;;
249;5,113;249;0,3263;;;;
250;5,112;250;0,3263;;;;
251;5,112;251;0,3249;;;;
252;5,113;252;0,3249;;;;
253;5,113;253;0,329;;;;
254;5,113;254;0,329;;;;
255;5,113;255;0,3249;;;;
256;5,113;256;0,3249;;;;
257;5,113;257;0,3294;;;;
258;5,113;258;0,3294;;;;
259;5,113;259;0,3255;;;;
260;5,115;260;0,3255;;;;
261;5,115;261;0,3088;;;;
262;5,117;262;0,3088;;;;
263;5,117;263;0,3047;;;;
264;5,113;264;0,3047;;;;
265;5,113;265;0,3263;;;;
266;5,113;266;0,3263;;;;
267;5,113;267;0,322;;;;
268;5,113;268;0,322;;;;
269;5,113;269;0,3285;;;;
270;5,112;270;0,3285;;;;
271;5,112;271;0,3251;;;;
272;5,113;272;0,3251;;;;
273;5,113;273;0,3294;;;;
274;5,112;274;0,3294;;;;
275;5,112;275;0,3245;;;;
276;5,112;276;0,3245;;;;
277;5,112;277;0,3285;;;;
278;5,114;278;0,3285;;;;
279;5,114;279;0,3049;;;;
280;5,117;280;0,3049;;;;
281;5,117;281;0,3088;;;;
282;5,113;282;0,3088;;;;
283;5,113;283;0,3224;;;;
284;5,113;284;0,3224;;;;
285;5,113;285;0,3265;;;;
286;5,113;286;0,3265;;;;
287;5,113;287;0,3249;;;;
288;5,113;288;0,3249;;;;
289;5,113;289;0,329;;;;
290;5,112;290;0,329;;;;
291;5,112;291;0,3243;;;;
292;5,112;292;0,3243;;;;
293;5,112;293;0,3294;;;;
294;5,113;294;0,3294;;;;
295;5,113;295;0,3249;;;;
296;5,113;296;0,3249;;;;
297;5,113;297;0,3088;;;;
298;5,116;298;0,3088;;;;
299;5,116;299;0,3041;;;;
300;5,114;300;0,3041;;;;
301;5,114;301;0,3269;;;;
302;5,113;302;0,3269;;;;
303;5,113;303;0,3226;;;;
304;5,113;304;0,3226;;;;
305;5,113;305;0,3294;;;;
306;5,113;306;0,3294;;;;
307;5,113;307;0,3243;;;;
308;5,112;308;0,3243;;;;
309;5,112;309;0,3286;;;;
310;5,114;310;0,3286;;;;
311;5,114;311;0,3251;;;;
312;5,113;312;0,3251;;;;
313;5,113;313;0,3292;;;;
314;5,112;314;0,3292;;;;
315;5,112;315;0,3041;;;;
316;5,116;316;0,3041;;;;
317;5,116;317;0,3073;;;;
318;5,115;318;0,3073;;;;
319;5,115;319;0,323;;;;
320;5,112;320;0,323;;;;
321;5,112;321;0,3251;;;;
322;5,112;322;0,3251;;;;
323;5,112;323;0,3247;;;;
324;5,112;324;0,3247;;;;
325;5,112;325;0,3281;;;;
326;5,114;326;0,3281;;;;
327;5,114;327;0,3251;;;;
328;5,113;328;0,3251;;;;
329;5,113;329;0,3285;;;;
330;5,113;330;0,3285;;;;
331;5,113;331;0,3249;;;;
332;5,113;332;0,3249;;;;
333;5,113;333;0,3088;;;;
334;5,118;334;0,3088;;;;
335;5,118;335;0,3049;;;;
336;5,117;336;0,3049;;;;
337;5,117;337;0,3269;;;;
338;5,113;338;0,3269;;;;
339;5,113;339;0,322;;;;
340;5,112;340;0,322;;;;
341;5,112;341;0,3279;;;;
342;5,113;342;0,3279;;;;
343;5,113;343;0,3243;;;;
344;5,112;344;0,3243;;;;
345;5,112;345;0,3283;;;;
346;5,113;346;0,3283;;;;
347;5,113;347;0,3241;;;;
348;5,113;348;0,3241;;;;
349;5,113;349;0,3294;;;;
350;5,113;350;0,3294;;;;
351;5,113;351;0,3041;;;;
352;5,117;352;0,3041;;;;
353;5,117;353;0,309;;;;
354;5,115;354;0,309;;;;
355;5,115;355;0,322;;;;
356;5,114;356;0,322;;;;
357;5,114;357;0,3267;;;;
358;5,113;358;0,3267;;;;
359;5,113;359;0,3245;;;;
360;5,113;360;0,3245;;;;
361;5,113;361;0,3285;;;;
362;5,112;362;0,3285;;;;
363;5,112;363;0,3243;;;;
364;5,113;364;0,3243;;;;
365;5,113;365;0,3279;;;;
366;5,113;366;0,3279;;;;
367;5,113;367;0,3253;;;;
368;5,117;368;0,3253;;;;
369;5,117;369;0,3075;;;;
370;5,117;370;0,3075;;;;
371;5,117;371;0,3061;;;;
372;5,114;372;0,3061;;;;
373;5,114;373;0,3247;;;;
374;5,113;374;0,3247;;;;
375;5,113;375;0,3246;;;;
376;5,113;376;0,3246;;;;
377;5,113;377;0,3267;;;;
378;5,113;378;0,3267;;;;
379;5,113;379;0,3269;;;;
380;5,114;380;0,3269;;;;
381;5,114;381;0,3267;;;;
382;5,113;382;0,3267;;;;
383;5,113;383;0,3269;;;;
384;5,114;384;0,3269;;;;
385;5,114;385;0,3169;;;;
386;5,116;386;0,3169;;;;
387;5,116;387;0,3067;;;;
388;5,117;388;0,3067;;;;
389;5,117;389;0,3232;;;;
390;5,113;390;0,3232;;;;
391;5,113;391;0,3247;;;;
392;5,114;392;0,3247;;;;
393;5,114;393;0,3251;;;;
394;5,113;394;0,3251;;;;
395;5,113;395;0,3273;;;;
396;5,114;396;0,3273;;;;
397;5,114;397;0,3259;;;;
398;5,113;398;0,3259;;;;
399;5,113;399;0,3275;;;;
400;5,114;400;0,3275;;;;
401;5,114;401;0,3255;;;;
402;5,113;402;0,3255;;;;
403;5,113;403;0,3073;;;;
404;5,116;404;0,3073;;;;
405;5,116;405;0,3055;;;;
406;5,116;406;0,3055;;;;
407;5,116;407;0,3235;;;;
408;5,114;408;0,3235;;;;
409;5,114;409;0,3237;;;;
410;5,113;410;0,3237;;;;
411;5,113;411;0,3271;;;;
412;5,113;412;0,3271;;;;
413;5,113;413;0,3261;;;;
414;5,112;414;0,3261;;;;
415;5,112;415;0,3259;;;;
416;5,113;416;0,3259;;;;
417;5,113;417;0,3261;;;;
418;5,113;418;0,3261;;;;
419;5,113;419;0,3264;;;;
420;5,114;420;0,3264;;;;
421;5,114;421;0,309;;;;
422;5,116;422;0,309;;;;
423;5,116;423;0,3053;;;;
424;5,116;424;0,3053;;;;
425;5,116;425;0,3235;;;;
426;5,113;426;0,3235;;;;
427;5,113;427;0,3251;;;;
428;5,114;428;0,3251;;;;
429;5,114;429;0,3254;;;;
430;5,113;430;0,3254;;;;
431;5,113;431;0,3279;;;;
432;5,114;432;0,3279;;;;
433;5,114;433;0,3247;;;;
434;5,112;434;0,3247;;;;
435;5,112;435;0,3273;;;;
436;5,113;436;0,3273;;;;
437;5,113;437;0,3245;;;;
438;5,113;438;0,3245;;;;
439;5,113;439;0,3088;;;;
440;5,117;440;0,3088;;;;
441;5,117;441;0,3037;;;;
442;5,113;442;0,3037;;;;
443;5,113;443;0,3265;;;;
444;5,113;444;0,3265;;;;
445;5,113;445;0,3218;;;;
446;5,113;446;0,3218;;;;
447;5,113;447;0,3279;;;;
448;5,112;448;0,3279;;;;
449;5,112;449;0,3239;;;;
450;5,112;450;0,3239;;;;
451;5,112;451;0,3275;;;;
452;5,112;452;0,3275;;;;
453;5,112;453;0,3241;;;;
454;5,114;454;0,3241;;;;
455;5,114;455;0,3277;;;;
456;5,117;456;0,3277;;;;
457;5,117;457;0,3057;;;;
458;5,118;458;0,3057;;;;
459;5,118;459;0,3222;;;;
460;5,112;460;0,3222;;;;
461;5,112;461;0,3226;;;;
462;5,114;462;0,3226;;;;
463;5,114;463;0,3259;;;;
464;5,112;464;0,3259;;;;
465;5,112;465;0,3258;;;;
466;5,114;466;0,3258;;;;
467;5,114;467;0,3257;;;;
468;5,113;468;0,3257;;;;
469;5,113;469;0,3279;;;;
470;5,114;470;0,3279;;;;
471;5,114;471;0,3247;;;;
472;5,112;472;0,3247;;;;
473;5,112;473;0,3069;;;;
474;5,116;474;0,3069;;;;
475;5,116;475;0,3043;;;;
476;5,115;476;0,3043;;;;
477;5,115;477;0,3247;;;;
478;5,114;478;0,3247;;;;
479;5,114;479;0,3224;;;;
480;5,113;480;0,3224;;;;
481;5,113;481;0,3283;;;;
482;5,114;482;0,3283;;;;
483;5,114;483;0,3249;;;;
484;5,113;484;0,3249;;;;
485;5,113;485;0,329;;;;
486;5,114;486;0,329;;;;
487;5,114;487;0,3249;;;;
488;5,113;488;0,3249;;;;
489;5,113;489;0,3283;;;;
490;5,116;490;0,3283;;;;
491;5,116;491;0,3033;;;;
492;5,116;492;0,3033;;;;
493;5,116;493;0,3083;;;;
494;5,113;494;0,3083;;;;
495;5,113;495;0,3214;;;;
496;5,113;496;0,3214;;;;
497;5,113;497;0,3277;;;;
498;5,114;498;0,3277;;;;
499;5,114;499;0,3247;;;;
500;5,113;500;0,3247;;;;
501;5,113;501;0,3296;;;;
502;5,114;502;0,3296;;;;
503;5,114;503;0,3247;;;;
504;5,113;504;0,3247;;;;
505;5,113;505;0,329;;;;
506;5,113;506;0,329;;;;
507;5,113;507;0,3243;;;;
508;5,116;508;0,3243;;;;
509;5,116;509;0,3081;;;;
510;5,116;510;0,3081;;;;
511;5,116;511;0,3035;;;;
512;5,113;512;0,3035;;;;
513;5,113;513;0,3257;;;;
514;5,113;514;0,3257;;;;
515;5,113;515;0,3228;;;;
516;5,113;516;0,3228;;;;
517;5,113;517;0,3292;;;;
518;5,114;518;0,3292;;;;
519;5,114;519;0,3243;;;;
520;5,114;520;0,3243;;;;
521;5,114;521;0,3285;;;;
522;5,114;522;0,3285;;;;
523;5,114;523;0,3245;;;;
524;5,113;524;0,3245;;;;
525;5,113;525;0,3288;;;;
526;5,118;526;0,3288;;;;
527;5,118;527;0,3043;;;;
528;5,117;528;0,3043;;;;
529;5,117;529;0,3118;;;;
530;5,113;530;0,3118;;;;
531;5,113;531;0,3218;;;;
532;5,113;532;0,3218;;;;
533;5,113;533;0,3277;;;;
534;5,112;534;0,3277;;;;
535;5,112;535;0,3241;;;;
536;5,113;536;0,3241;;;;
537;5,113;537;0,3281;;;;
538;5,112;538;0,3281;;;;
539;5,112;539;0,3241;;;;
540;5,114;540;0,3241;;;;
541;5,114;541;0,329;;;;
542;5,113;542;0,329;;;;
543;5,113;543;0,3247;;;;
544;5,118;544;0,3247;;;;
545;5,118;545;0,3084;;;;
546;5,118;546;0,3084;;;;
547;5,118;547;0,3212;;;;
548;5,113;548;0,3212;;;;
549;5,113;549;0,3255;;;;
550;5,113;550;0,3255;;;;
551;5,113;551;0,3241;;;;
552;5,113;552;0,3241;;;;
553;5,113;553;0,3273;;;;
554;5,113;554;0,3273;;;;
555;5,113;555;0,3259;;;;
556;5,114;556;0,3259;;;;
557;5,114;557;0,3273;;;;
558;5,113;558;0,3273;;;;
559;5,113;559;0,3261;;;;
560;5,114;560;0,3261;;;;
561;5,114;561;0,3073;;;;
562;5,117;562;0,3073;;;;
563;5,117;563;0,3059;;;;
564;5,118;564;0,3059;;;;
565;5,118;565;0,3249;;;;
566;5,113;566;0,3249;;;;
567;5,113;567;0,3234;;;;
568;5,114;568;0,3234;;;;
569;5,114;569;0,3263;;;;
570;5,112;570;0,3263;;;;
571;5,112;571;0,3251;;;;
572;5,113;572;0,3251;;;;
573;5,113;573;0,3263;;;;
574;5,112;574;0,3263;;;;
575;5,112;575;0,3259;;;;
576;5,113;576;0,3259;;;;
577;5,113;577;0,3259;;;;
578;5,113;578;0,3259;;;;
579;5,113;579;0,3055;;;;
580;5,117;580;0,3055;;;;
581;5,117;581;0,3054;;;;
582;5,113;582;0,3054;;;;
583;5,113;583;0,3235;;;;
584;5,115;584;0,3235;;;;
585;5,115;585;0,3237;;;;
586;5,113;586;0,3237;;;;
587;5,113;587;0,3273;;;;
588;5,114;588;0,3273;;;;
589;5,114;589;0,3249;;;;
590;5,113;590;0,3249;;;;
591;5,113;591;0,3271;;;;
592;5,114;592;0,3271;;;;
593;5,114;593;0,3251;;;;
594;5,113;594;0,3251;;;;
595;5,113;595;0,3277;;;;
596;5,118;596;0,3277;;;;
597;5,118;597;0,3039;;;;
598;5,117;598;0,3039;;;;
599;5,117;599;0,3098;;;;
600;5,114;600;0,3098;;;;
601;5,114;601;0,322;;;;
602;5,114;602;0,322;;;;
603;5,114;603;0,3288;;;;
604;5,114;604;0,3288;;;;
605;5,114;605;0,3241;;;;
606;5,113;606;0,3241;;;;
607;5,113;607;0,329;;;;
608;5,114;608;0,329;;;;
609;5,114;609;0,3239;;;;
610;5,113;610;0,3239;;;;
611;5,113;611;0,3281;;;;
612;5,113;612;0,3281;;;;
613;5,113;613;0,313;;;;
614;5,116;614;0,313;;;;
615;5,116;615;0,3081;;;;
616;5,117;616;0,3081;;;;
617;5,117;617;0,3218;;;;
618;5,114;618;0,3218;;;;
619;5,114;619;0,3257;;;;
620;5,113;620;0,3257;;;;
621;5,113;621;0,3253;;;;
622;5,114;622;0,3253;;;;
623;5,114;623;0,3294;;;;
624;5,114;624;0,3294;;;;
625;5,114;625;0,3241;;;;
626;5,113;626;0,3241;;;;
627;5,113;627;0,3283;;;;
628;5,113;628;0,3283;;;;
629;5,113;629;0,3237;;;;
630;5,113;630;0,3237;;;;
631;5,113;631;0,3079;;;;
632;5,116;632;0,3079;;;;
633;5,116;633;0,3035;;;;
634;5,115;634;0,3035;;;;
635;5,115;635;0,3259;;;;
636;5,113;636;0,3259;;;;
637;5,113;637;0,3214;;;;
638;5,113;638;0,3214;;;;
639;5,113;639;0,3286;;;;
640;5,112;640;0,3286;;;;
641;5,112;641;0,3237;;;;
642;5,113;642;0,3237;;;;
643;5,113;643;0,3285;;;;
644;5,113;644;0,3285;;;;
645;5,113;645;0,3243;;;;
646;5,113;646;0,3243;;;;
647;5,113;647;0,3279;;;;
648;5,113;648;0,3279;;;;
649;5,113;649;0,3039;;;;
650;5,117;650;0,3039;;;;
651;5,117;651;0,3075;;;;
652;5,114;652;0,3075;;;;
653;5,114;653;0,3226;;;;
654;5,114;654;0,3226;;;;
655;5,114;655;0,3257;;;;
656;5,113;656;0,3257;;;;
657;5,113;657;0,3245;;;;
658;5,113;658;0,3245;;;;
659;5,113;659;0,3275;;;;
660;5,113;660;0,3275;;;;
661;5,113;661;0,3247;;;;
662;5,114;662;0,3247;;;;
663;5,114;663;0,3271;;;;
664;5,113;664;0,3271;;;;
665;5,113;665;0,3253;;;;
666;5,118;666;0,3253;;;;
667;5,118;667;0,3071;;;;
668;5,117;668;0,3071;;;;
669;5,117;669;0,3059;;;;
670;5,114;670;0,3059;;;;
671;5,114;671;0,3249;;;;
672;5,112;672;0,3249;;;;
673;5,112;673;0,3234;;;;
674;5,112;674;0,3234;;;;
675;5,112;675;0,3269;;;;
676;5,112;676;0,3269;;;;
677;5,112;677;0,3245;;;;
678;5,113;678;0,3245;;;;
679;5,113;679;0,3267;;;;
680;5,112;680;0,3267;;;;
681;5,112;681;0,3251;;;;
682;5,113;682;0,3251;;;;
683;5,113;683;0,3267;;;;
684;5,116;684;0,3267;;;;
685;5,116;685;0,3051;;;;
686;5,117;686;0,3051;;;;
687;5,117;687;0,3102;;;;
688;5,112;688;0,3102;;;;
689;5,112;689;0,3241;;;;
690;5,114;690;0,3241;;;;
691;5,114;691;0,3267;;;;
692;5,113;692;0,3267;;;;
693;5,113;693;0,3264;;;;
694;5,113;694;0,3264;;;;
695;5,113;695;0,3264;;;;
696;5,113;696;0,3264;;;;
697;5,113;697;0,3265;;;;
698;5,114;698;0,3265;;;;
699;5,114;699;0,3262;;;;
700;5,113;700;0,3262;;;;
701;5,113;701;0,3263;;;;
702;5,118;702;0,3263;;;;
703;5,118;703;0,3055;;;;
704;5,116;704;0,3055;;;;
705;5,116;705;0,3241;;;;
706;5,113;706;0,3241;;;;
707;5,113;707;0,3237;;;;
708;5,112;708;0,3237;;;;
709;5,112;709;0,3255;;;;
710;5,113;710;0,3255;;;;
711;5,113;711;0,3256;;;;
712;5,112;712;0,3256;;;;
713;5,112;713;0,3256;;;;
714;5,113;714;0,3256;;;;
715;5,113;715;0,3255;;;;
716;5,112;716;0,3255;;;;
717;5,112;717;0,3265;;;;
718;5,114;718;0,3265;;;;
719;5,114;719;0,323;;;;
720;5,117;720;0,323;;;;
721;5,117;721;0,3061;;;;
722;5,118;722;0,3061;;;;
723;5,118;723;0,3234;;;;
724;5,114;724;0,3234;;;;
725;5,114;725;0,3245;;;;
726;5,114;726;0,3245;;;;
727;5,114;727;0,3261;;;;
728;5,113;728;0,3261;;;;
729;5,113;729;0,3275;;;;
730;5,114;730;0,3275;;;;
731;5,114;731;0,3257;;;;
732;5,113;732;0,3257;;;;
733;5,113;733;0,3275;;;;
734;5,113;734;0,3275;;;;
735;5,113;735;0,3257;;;;
736;5,113;736;0,3257;;;;
737;5,113;737;0,3188;;;;
738;5,117;738;0,3188;;;;
739;5,117;739;0,3049;;;;
740;5,117;740;0,3049;;;;
741;5,117;741;0,3237;;;;
742;5,114;742;0,3237;;;;
743;5,114;743;0,3226;;;;
744;5,113;744;0,3226;;;;
745;5,113;745;0,3265;;;;
746;5,113;746;0,3265;;;;
747;5,113;747;0,3247;;;;
748;5,113;748;0,3247;;;;
749;5,113;749;0,3265;;;;
750;5,113;750;0,3265;;;;
751;5,113;751;0,3245;;;;
752;5,112;752;0,3245;;;;
753;5,112;753;0,3275;;;;
754;5,114;754;0,3275;;;;
755;5,114;755;0,3049;;;;
756;5,117;756;0,3049;;;;
757;5,117;757;0,3073;;;;
758;5,118;758;0,3073;;;;
759;5,118;759;0,3228;;;;
760;5,113;760;0,3228;;;;
761;5,113;761;0,3249;;;;
762;5,114;762;0,3249;;;;
763;5,114;763;0,3249;;;;
764;5,113;764;0,3249;;;;
765;5,113;765;0,3275;;;;
766;5,114;766;0,3275;;;;
767;5,114;767;0,3247;;;;
768;5,113;768;0,3247;;;;
769;5,113;769;0,3283;;;;
770;5,114;770;0,3283;;;;
771;5,114;771;0,3247;;;;
772;5,112;772;0,3247;;;;
773;5,112;773;0,3061;;;;
774;5,117;774;0,3061;;;;
775;5,117;775;0,3047;;;;
776;5,114;776;0,3047;;;;
777;5,114;777;0,3241;;;;
778;5,113;778;0,3241;;;;
779;5,113;779;0,3224;;;;
780;5,113;780;0,3224;;;;
781;5,113;781;0,3269;;;;
782;5,113;782;0,3269;;;;
783;5,113;783;0,3247;;;;
784;5,113;784;0,3247;;;;
785;5,113;785;0,3273;;;;
786;5,114;786;0,3273;;;;
787;5,114;787;0,3251;;;;
788;5,113;788;0,3251;;;;
789;5,113;789;0,3277;;;;
790;5,114;790;0,3277;;;;
791;5,114;791;0,3049;;;;
792;5,117;792;0,3049;;;;
793;5,117;793;0,3073;;;;
794;5,116;794;0,3073;;;;
795;5,116;795;0,323;;;;
796;5,114;796;0,323;;;;
797;5,114;797;0,3251;;;;
798;5,113;798;0,3251;;;;
799;5,113;799;0,3251;;;;
800;5,112;800;0,3251;;;;
801;5,112;801;0,3261;;;;
802;5,113;802;0,3261;;;;
803;5,113;803;0,3257;;;;
804;5,113;804;0,3257;;;;
805;5,113;805;0,3258;;;;
806;5,113;806;0,3258;;;;
807;5,113;807;0,3259;;;;
808;5,113;808;0,3259;;;;
809;5,113;809;0,3065;;;;
810;5,118;810;0,3065;;;;
811;5,118;811;0,3062;;;;
812;5,114;812;0,3062;;;;
813;5,114;813;0,3245;;;;
814;5,115;814;0,3245;;;;
815;5,115;815;0,3234;;;;
816;5,113;816;0,3234;;;;
817;5,113;817;0,3263;;;;
818;5,114;818;0,3263;;;;
819;5,114;819;0,3251;;;;
820;5,114;820;0,3251;;;;
821;5,114;821;0,3269;;;;
822;5,114;822;0,3269;;;;
823;5,114;823;0,3253;;;;
824;5,112;824;0,3253;;;;
825;5,112;825;0,3254;;;;
826;5,115;826;0,3254;;;;
827;5,115;827;0,3051;;;;
828;5,116;828;0,3051;;;;
829;5,116;829;0,3054;;;;
830;5,114;830;0,3054;;;;
831;5,114;831;0,323;;;;
832;5,113;832;0,323;;;;
833;5,113;833;0,3232;;;;
834;5,113;834;0,3232;;;;
835;5,113;835;0,3251;;;;
836;5,113;836;0,3251;;;;
837;5,113;837;0,3267;;;;
838;5,114;838;0,3267;;;;
839;5,114;839;0,3253;;;;
840;5,113;840;0,3253;;;;
841;5,113;841;0,3267;;;;
842;5,114;842;0,3267;;;;
843;5,114;843;0,3263;;;;
844;5,116;844;0,3263;;;;
845;5,116;845;0,3071;;;;
846;5,118;846;0,3071;;;;
847;5,118;847;0,3055;;;;
848;5,114;848;0,3055;;;;
849;5,114;849;0,3241;;;;
850;5,114;850;0,3241;;;;
851;5,114;851;0,3238;;;;
852;5,113;852;0,3238;;;;
853;5,113;853;0,3257;;;;
854;5,113;854;0,3257;;;;
855;5,113;855;0,3255;;;;
856;5,113;856;0,3255;;;;
857;5,113;857;0,3256;;;;
858;5,114;858;0,3256;;;;
859;5,114;859;0,3255;;;;
860;5,113;860;0,3255;;;;
861;5,113;861;0,3257;;;;
862;5,118;862;0,3257;;;;
863;5,118;863;0,3049;;;;
864;5,116;864;0,3049;;;;
865;5,116;865;0,3067;;;;
866;5,115;866;0,3067;;;;
867;5,115;867;0,3235;;;;
868;5,114;868;0,3235;;;;
869;5,114;869;0,3271;;;;
870;5,115;870;0,3271;;;;
871;5,115;871;0,3255;;;;
872;5,114;872;0,3255;;;;
873;5,114;873;0,3271;;;;
874;5,114;874;0,3271;;;;
875;5,114;875;0,3251;;;;
876;5,114;876;0,3251;;;;
877;5,114;877;0,3273;;;;
878;5,114;878;0,3273;;;;
879;5,114;879;0,3247;;;;
880;5,116;880;0,3247;;;;
881;5,116;881;0,3057;;;;
882;5,117;882;0,3057;;;;
883;5,117;883;0,3061;;;;
884;5,113;884;0,3061;;;;
885;5,113;885;0,3235;;;;
886;5,115;886;0,3235;;;;
887;5,115;887;0,3245;;;;
888;5,113;888;0,3245;;;;
889;5,113;889;0,3267;;;;
890;5,113;890;0,3267;;;;
891;5,113;891;0,3247;;;;
892;5,113;892;0,3247;;;;
893;5,113;893;0,3267;;;;
894;5,113;894;0,3267;;;;
895;5,113;895;0,3245;;;;
896;5,113;896;0,3245;;;;
897;5,113;897;0,3267;;;;
898;5,118;898;0,3267;;;;
899;5,118;899;0,3039;;;;
900;5,117;900;0,3039;;;;
901;5,117;901;0,3245;;;;
902;5,115;902;0,3245;;;;
903;5,115;903;0,3226;;;;
904;5,114;904;0,3226;;;;
905;5,114;905;0,3279;;;;
906;5,115;906;0,3279;;;;
907;5,115;907;0,3249;;;;
908;5,114;908;0,3249;;;;
909;5,114;909;0,3285;;;;
910;5,114;910;0,3285;;;;
911;5,114;911;0,3245;;;;
912;5,114;912;0,3245;;;;
913;5,114;913;0,3283;;;;
914;5,114;914;0,3283;;;;
915;5,114;915;0,3237;;;;
916;5,117;916;0,3237;;;;
917;5,117;917;0,3065;;;;
918;5,118;918;0,3065;;;;
919;5,118;919;0,3218;;;;
920;5,113;920;0,3218;;;;
921;5,113;921;0,3247;;;;
922;5,114;922;0,3247;;;;
923;5,114;923;0,3243;;;;
924;5,113;924;0,3243;;;;
925;5,113;925;0,3277;;;;
926;5,115;926;0,3277;;;;
927;5,115;927;0,3249;;;;
928;5,113;928;0,3249;;;;
929;5,113;929;0,3281;;;;
930;5,115;930;0,3281;;;;
931;5,115;931;0,3245;;;;
932;5,114;932;0,3245;;;;
933;5,114;933;0,3094;;;;
934;5,119;934;0,3094;;;;
935;5,119;935;0,3041;;;;
936;5,118;936;0,3041;;;;
937;5,118;937;0,3257;;;;
938;5,116;938;0,3257;;;;
939;5,116;939;0,3218;;;;
940;5,116;940;0,3218;;;;
941;5,116;941;0,3265;;;;
942;5,116;942;0,3265;;;;
943;5,116;943;0,3237;;;;
944;5,116;944;0,3237;;;;
945;5,116;945;0,3269;;;;
946;5,116;946;0,3269;;;;
947;5,116;947;0,3237;;;;
948;5,116;948;0,3237;;;;
949;5,116;949;0,3275;;;;
950;5,116;950;0,3275;;;;
951;5,116;951;0,3032;;;;
952;5,12;952;0,3032;;;;
953;5,12;953;0,3081;;;;
954;5,121;954;0,3081;;;;
955;5,121;955;0,3214;;;;
956;5,117;956;0,3214;;;;
957;5,117;957;0,3257;;;;
958;5,117;958;0,3257;;;;
959;5,117;959;0,3243;;;;
960;5,117;960;0,3243;;;;
961;5,117;961;0,329;;;;
962;5,117;962;0,329;;;;
963;5,117;963;0,3245;;;;
964;5,117;964;0,3245;;;;
965;5,117;965;0,3286;;;;
966;5,118;966;0,3286;;;;
967;5,118;967;0,3245;;;;
968;5,117;968;0,3245;;;;
969;5,117;969;0,3086;;;;
970;5,121;970;0,3086;;;;
971;5,121;971;0,3033;;;;
972;5,117;972;0,3033;;;;
973;5,117;973;0,3253;;;;
974;5,118;974;0,3253;;;;
975;5,118;975;0,3216;;;;
976;5,118;976;0,3216;;;;
977;5,118;977;0,3281;;;;
978;5,117;978;0,3281;;;;
979;5,117;979;0,3235;;;;
980;5,117;980;0,3235;;;;
981;5,117;981;0,3275;;;;
982;5,116;982;0,3275;;;;
983;5,116;983;0,3237;;;;
984;5,117;984;0,3237;;;;
985;5,117;985;0,3267;;;;
986;5,12;986;0,3267;;;;
987;5,12;987;0,3037;;;;
988;5,12;988;0,3037;;;;
989;5,12;989;0,3061;;;;
990;5,116;990;0,3061;;;;
991;5,116;991;0,3218;;;;
992;5,118;992;0,3218;;;;
993;5,118;993;0,3255;;;;
994;5,117;994;0,3255;;;;
995;5,117;995;0,3259;;;;
996;5,117;996;0,3259;;;;
997;5,117;997;0,3255;;;;
998;5,116;998;0,3255;;;;
;5108,888;;321,4349;;;;Sleep Mode
